,Activity foil,isotope,half life,half life (s),A0 bequerel,E gamma,I gamma,counting times at delays 2.00 d/2.17 d/2.33 d/2.50 d/2.67 d/2.83 d/3.00 d/3.17 d
1221,A0_Cu08,62CUg,9.67 min,580.38,6611.348151892748,1172.97,0.342,"['-', '-', '-', '-', '-', '-', '-', '-']"
1261,A0_Cu08,60COm1,10.47 min,628.02,1.9424754993904347,58.603,2.0601,"['-', '-', '-', '-', '-', '-', '-', '-']"
1251,A0_Cu08,60CUg,23.70 min,1422.0,101.42995269716428,1332.5,88.0,"['-', '-', '-', '-', '-', '-', '-', '-']"
1289,A0_Cu08,63ZNg,38.47 min,2308.2,434332.67485059745,669.62,8.2,"['-', '-', '-', '-', '-', '-', '-', '-']"
1274,A0_Cu08,61COg,1.65 h,5940.0,8753.490382278438,67.412,84.7,"['-', '-', '-', '-', '-', '-', '-', '-']"
1324,A0_Cu08,61CUg,3.33 h,11998.8,1486101.795765681,282.956,12.2,"['-', '-', '-', '-', '-', '-', '-', '-']"
1271,A0_Cu08,58COm1,9.10 h,32760.0,19047.642014667395,24.889,0.0397,"['-', '-', '-', '-', '-', '-', '-', '-']"
1191,A0_Cu08,62ZNg,9.26 h,33336.0,160452.82530626637,596.56,26.0,"['14.65 min', '19.83 min', '26.87 min', '36.47 min', '49.60 min', '1.13 h', '1.54 h', '2.13 h']"
1349,A0_Cu08,64CUg,12.70 h,45723.6,596838.2764270016,1345.77,0.475,"['1.40 h', '1.75 h', '2.21 h', '2.79 h', '3.54 h', '4.52 h', '5.82 h', '7.57 h']"
1265,A0_Cu08,58COg,70.86 d,6122304.0,80.50855117991665,810.7593,99.45,"['3.54 h', '3.55 h', '3.55 h', '3.56 h', '3.56 h', '3.57 h', '3.58 h', '3.58 h']"
1355,A0_Cu08,65ZNg,243.93 d,21075550.0,166.7593878808308,1115.539,50.04,"['3.35 h', '3.35 h', '3.35 h', '3.35 h', '3.35 h', '3.36 h', '3.36 h', '3.36 h']"
1226,A0_Cu09,62CUg,9.67 min,580.38,8882.40271818978,1172.97,0.342,"['-', '-', '-', '-', '-', '-', '-', '-']"
1256,A0_Cu09,60CUg,23.70 min,1422.0,1.3090102364886893,1332.5,88.0,"['-', '-', '-', '-', '-', '-', '-', '-']"
1294,A0_Cu09,63ZNg,38.47 min,2308.2,339484.7068738527,669.62,8.2,"['-', '-', '-', '-', '-', '-', '-', '-']"
1277,A0_Cu09,61COg,1.65 h,5940.0,6233.043179296992,67.412,84.7,"['-', '-', '-', '-', '-', '-', '-', '-']"
1329,A0_Cu09,61CUg,3.33 h,11998.8,515658.0356661392,282.956,12.2,"['-', '-', '-', '-', '-', '-', '-', '-']"
1272,A0_Cu09,58COm1,9.10 h,32760.0,1515.5502885904382,24.889,0.0397,"['-', '-', '-', '-', '-', '-', '-', '-']"
1196,A0_Cu09,62ZNg,9.26 h,33336.0,264170.99152738217,596.56,26.0,"['8.87 min', '11.99 min', '16.21 min', '21.95 min', '29.76 min', '40.41 min', '55.01 min', '1.25 h']"
1350,A0_Cu09,64CUg,12.70 h,45723.6,679395.9451535661,1345.77,0.475,"['1.22 h', '1.53 h', '1.93 h', '2.43 h', '3.07 h', '3.91 h', '5.00 h', '6.46 h']"
1268,A0_Cu09,58COg,70.86 d,6122304.0,5.220242489288502,810.7593,99.45,"['2.30 d', '2.30 d', '2.31 d', '2.31 d', '2.31 d', '2.32 d', '2.32 d', '2.33 d']"
1358,A0_Cu09,65ZNg,243.93 d,21075550.0,197.8392747331627,1115.539,50.04,"['2.82 h', '2.82 h', '2.83 h', '2.83 h', '2.83 h', '2.83 h', '2.83 h', '2.83 h']"
1231,A0_Cu10,62CUg,9.67 min,580.38,10188.880501850994,1172.97,0.342,"['-', '-', '-', '-', '-', '-', '-', '-']"
1299,A0_Cu10,63ZNg,38.47 min,2308.2,306139.53943858325,669.62,8.2,"['-', '-', '-', '-', '-', '-', '-', '-']"
1280,A0_Cu10,61COg,1.65 h,5940.0,2918.9705398753085,67.412,84.7,"['-', '-', '-', '-', '-', '-', '-', '-']"
1334,A0_Cu10,61CUg,3.33 h,11998.8,38002.76730119551,282.956,12.2,"['-', '-', '-', '-', '-', '-', '-', '-']"
1273,A0_Cu10,58COm1,9.10 h,32760.0,8.839233998971938,24.889,0.0397,"['-', '-', '-', '-', '-', '-', '-', '-']"
1201,A0_Cu10,62ZNg,9.26 h,33336.0,372120.1854076541,596.56,26.0,"['6.29 min', '8.49 min', '11.48 min', '15.52 min', '21.01 min', '28.48 min', '38.66 min', '52.60 min']"
1351,A0_Cu10,64CUg,12.70 h,45723.6,682304.4143954222,1345.77,0.475,"['1.22 h', '1.53 h', '1.92 h', '2.42 h', '3.06 h', '3.89 h', '4.98 h', '6.43 h']"
1361,A0_Cu10,65ZNg,243.93 d,21075550.0,238.96989749354773,1115.539,50.04,"['2.34 h', '2.34 h', '2.34 h', '2.34 h', '2.34 h', '2.34 h', '2.34 h', '2.34 h']"
1236,A0_Cu11,62CUg,9.67 min,580.38,8883.646223554362,1172.97,0.342,"['-', '-', '-', '-', '-', '-', '-', '-']"
1304,A0_Cu11,63ZNg,38.47 min,2308.2,465037.5775976843,669.62,8.2,"['-', '-', '-', '-', '-', '-', '-', '-']"
1283,A0_Cu11,61COg,1.65 h,5940.0,367.9287086221044,67.412,84.7,"['-', '-', '-', '-', '-', '-', '-', '-']"
1339,A0_Cu11,61CUg,3.33 h,11998.8,881.9253995629651,282.956,12.2,"['-', '-', '-', '-', '-', '-', '-', '-']"
1206,A0_Cu11,62ZNg,9.26 h,33336.0,325393.6066573692,596.56,26.0,"['7.19 min', '9.72 min', '13.14 min', '17.77 min', '24.07 min', '32.65 min', '44.37 min', '1.01 h']"
1352,A0_Cu11,64CUg,12.70 h,45723.6,462114.1303255282,1345.77,0.475,"['1.83 h', '2.30 h', '2.91 h', '3.69 h', '4.72 h', '6.08 h', '7.93 h', '10.53 h']"
1364,A0_Cu11,65ZNg,243.93 d,21075550.0,336.47103102490706,1115.539,50.04,"['1.66 h', '1.66 h', '1.66 h', '1.66 h', '1.66 h', '1.66 h', '1.66 h', '1.66 h']"
1241,A0_Cu12,62CUg,9.67 min,580.38,1710.0950026904534,1172.97,0.342,"['-', '-', '-', '-', '-', '-', '-', '-']"
1309,A0_Cu12,63ZNg,38.47 min,2308.2,1822791.9126709537,669.62,8.2,"['-', '-', '-', '-', '-', '-', '-', '-']"
1286,A0_Cu12,61COg,1.65 h,5940.0,1.4641492830675578,67.412,84.7,"['-', '-', '-', '-', '-', '-', '-', '-']"
1344,A0_Cu12,61CUg,3.33 h,11998.8,13.53470393459832,282.956,12.2,"['-', '-', '-', '-', '-', '-', '-', '-']"
1211,A0_Cu12,62ZNg,9.26 h,33336.0,52542.197170093474,596.56,26.0,"['45.61 min', '1.04 h', '1.42 h', '1.95 h', '2.70 h', '3.79 h', '5.42 h', '7.98 h']"
1353,A0_Cu12,64CUg,12.70 h,45723.6,91831.6244798491,1345.77,0.475,"['11.88 h', '16.50 h', '1.02 d', '1.91 d', '-', '-', '-', '-']"
1367,A0_Cu12,65ZNg,243.93 d,21075550.0,1180.5561145604918,1115.539,50.04,"['28.37 min', '28.39 min', '28.40 min', '28.41 min', '28.43 min', '28.44 min', '28.46 min', '28.47 min']"
1246,A0_Cu13,62CUg,9.67 min,580.38,4.091350146065853,1172.97,0.342,"['-', '-', '-', '-', '-', '-', '-', '-']"
1314,A0_Cu13,63ZNg,38.47 min,2308.2,2318550.948251674,669.62,8.2,"['-', '-', '-', '-', '-', '-', '-', '-']"
1216,A0_Cu13,62ZNg,9.26 h,33336.0,23.093030874263412,596.56,26.0,"['-', '-', '-', '-', '-', '-', '-', '-']"
1354,A0_Cu13,64CUg,12.70 h,45723.6,408.650917000355,1345.77,0.475,"['-', '-', '-', '-', '-', '-', '-', '-']"
1370,A0_Cu13,65ZNg,243.93 d,21075550.0,2966.25447306518,1115.539,50.04,"['11.29 min', '11.30 min', '11.30 min', '11.31 min', '11.31 min', '11.32 min', '11.32 min', '11.33 min']"
1319,A0_Cu14,63ZNg,38.47 min,2308.2,963464.0890059706,669.62,8.2,"['-', '-', '-', '-', '-', '-', '-', '-']"
1373,A0_Cu14,65ZNg,243.93 d,21075550.0,1360.057184396528,1115.539,50.04,"['24.63 min', '24.64 min', '24.65 min', '24.66 min', '24.68 min', '24.69 min', '24.70 min', '24.71 min']"
50,A0_Ni08,53FEg,8.51 min,510.6,1.529067343045302,377.9,42.0,"['-', '-', '-', '-', '-', '-', '-', '-']"
70,A0_Ni08,62CUg,9.67 min,580.38,83.42657236459512,1172.97,0.342,"['-', '-', '-', '-', '-', '-', '-', '-']"
125,A0_Ni08,60COm1,10.47 min,628.02,10.493361899020533,58.603,2.0601,"['-', '-', '-', '-', '-', '-', '-', '-']"
361,A0_Ni08,60COm,10.47 min,628.02,11.49923678854248,58.603,2.0601,"['-', '-', '-', '-', '-', '-', '-', '-']"
105,A0_Ni08,62COm1,13.91 min,834.6,3.618975796305072,1172.9,97.7,"['-', '-', '-', '-', '-', '-', '-', '-']"
250,A0_Ni08,60CUg,23.70 min,1422.0,21678.21776943991,1332.5,88.0,"['-', '-', '-', '-', '-', '-', '-', '-']"
55,A0_Ni08,51MNg,46.20 min,2772.0,2841.771793321718,749.07,0.265,"['-', '-', '-', '-', '-', '-', '-', '-']"
305,A0_Ni08,61COg,1.65 h,5940.0,7096.20673939651,67.412,84.7,"['-', '-', '-', '-', '-', '-', '-', '-']"
141,A0_Ni08,56MNg,2.58 h,9284.04,1.3967548079668517,846.7638,98.85,"['-', '-', '-', '-', '-', '-', '-', '-']"
326,A0_Ni08,61CUg,3.33 h,11998.8,55701.43130715781,282.956,12.2,"['-', '-', '-', '-', '-', '-', '-', '-']"
167,A0_Ni08,58COm1,9.10 h,32760.0,145384.69888612887,24.889,0.0397,"['-', '-', '-', '-', '-', '-', '-', '-']"
377,A0_Ni08,58COm,9.10 h,32760.0,208.282924726252,24.889,0.0397,"['-', '-', '-', '-', '-', '-', '-', '-']"
242,A0_Ni08,64CUg,12.70 h,45723.6,2242.2647733419776,1345.77,0.475,"['-', '-', '-', '-', '-', '-', '-', '-']"
207,A0_Ni08,55COg,17.53 h,63108.0,7339.497213883363,931.1,75.0,"['20.34 min', '23.85 min', '27.97 min', '32.82 min', '38.52 min', '45.22 min', '53.10 min', '1.04 h']"
0,A0_Ni08,57NIg,1.48 d,128160.0,457707.9931271572,1377.63,81.7,"['6.81 s', '7.36 s', '7.96 s', '8.60 s', '9.30 s', '10.05 s', '10.86 s', '11.74 s']"
30,A0_Ni08,56NIg,6.08 d,524880.0,2669.03558907024,158.38,98.8,"['7.94 min', '8.10 min', '8.25 min', '8.41 min', '8.57 min', '8.74 min', '8.90 min', '9.07 min']"
146,A0_Ni08,58COg,70.86 d,6122304.0,666.9652594854285,810.7593,99.45,"['25.63 min', '25.67 min', '25.71 min', '25.75 min', '25.79 min', '25.84 min', '25.88 min', '25.92 min']"
285,A0_Ni08,56COg,77.23 d,6672931.0,4682.668920419082,846.77,99.9399,"['3.63 min', '3.63 min', '3.64 min', '3.64 min', '3.65 min', '3.65 min', '3.66 min', '3.66 min']"
172,A0_Ni08,57COg,271.74 d,23478340.0,3858.853306207387,122.06065,85.6,"['5.07 min', '5.07 min', '5.08 min', '5.08 min', '5.08 min', '5.08 min', '5.08 min', '5.09 min']"
249,A0_Ni08,55FEg,2.74 y,86594050.0,8.456944453764725,126.0,1.28e-07,"['-', '-', '-', '-', '-', '-', '-', '-']"
115,A0_Ni08,60COg,5.27 y,166344200.0,1.180259566870307,1332.492,99.9826,"['9.83 d', '9.83 d', '9.83 d', '9.83 d', '9.83 d', '9.84 d', '9.84 d', '9.84 d']"
75,A0_Ni09,62CUg,9.67 min,580.38,73.99549993236299,1172.97,0.342,"['-', '-', '-', '-', '-', '-', '-', '-']"
129,A0_Ni09,60COm1,10.47 min,628.02,9.868911581961193,58.603,2.0601,"['-', '-', '-', '-', '-', '-', '-', '-']"
365,A0_Ni09,60COm,10.47 min,628.02,13.268580130566146,58.603,2.0601,"['-', '-', '-', '-', '-', '-', '-', '-']"
110,A0_Ni09,62COm1,13.91 min,834.6,1.3733171932058683,1172.9,97.7,"['-', '-', '-', '-', '-', '-', '-', '-']"
255,A0_Ni09,60CUg,23.70 min,1422.0,24299.37482207877,1332.5,88.0,"['-', '-', '-', '-', '-', '-', '-', '-']"
60,A0_Ni09,51MNg,46.20 min,2772.0,775.1260235048069,749.07,0.265,"['-', '-', '-', '-', '-', '-', '-', '-']"
308,A0_Ni09,61COg,1.65 h,5940.0,4586.222823087957,67.412,84.7,"['-', '-', '-', '-', '-', '-', '-', '-']"
331,A0_Ni09,61CUg,3.33 h,11998.8,102626.27376957228,282.956,12.2,"['-', '-', '-', '-', '-', '-', '-', '-']"
168,A0_Ni09,58COm1,9.10 h,32760.0,42178.51832535928,24.889,0.0397,"['-', '-', '-', '-', '-', '-', '-', '-']"
378,A0_Ni09,58COm,9.10 h,32760.0,233.52628584033803,24.889,0.0397,"['-', '-', '-', '-', '-', '-', '-', '-']"
243,A0_Ni09,64CUg,12.70 h,45723.6,2675.8115123695866,1345.77,0.475,"['-', '-', '-', '-', '-', '-', '-', '-']"
212,A0_Ni09,55COg,17.53 h,63108.0,9755.355158362754,931.1,75.0,"['15.28 min', '17.91 min', '21.00 min', '24.63 min', '28.89 min', '33.89 min', '39.78 min', '46.70 min']"
5,A0_Ni09,57NIg,1.48 d,128160.0,518381.82661168714,1377.63,81.7,"['6.01 s', '6.50 s', '7.03 s', '7.59 s', '8.21 s', '8.87 s', '9.59 s', '10.37 s']"
35,A0_Ni09,56NIg,6.08 d,524880.0,557.2504071193276,158.38,98.8,"['38.09 min', '38.82 min', '39.57 min', '40.33 min', '41.10 min', '41.89 min', '42.70 min', '43.52 min']"
149,A0_Ni09,58COg,70.86 d,6122304.0,234.05478756294775,810.7593,99.45,"['1.22 h', '1.22 h', '1.22 h', '1.22 h', '1.23 h', '1.23 h', '1.23 h', '1.23 h']"
290,A0_Ni09,56COg,77.23 d,6672931.0,1619.9841239159905,846.77,99.9399,"['10.48 min', '10.50 min', '10.51 min', '10.53 min', '10.54 min', '10.56 min', '10.58 min', '10.59 min']"
177,A0_Ni09,57COg,271.74 d,23478340.0,5160.727748948401,122.06065,85.6,"['3.79 min', '3.79 min', '3.80 min', '3.80 min', '3.80 min', '3.80 min', '3.80 min', '3.80 min']"
120,A0_Ni09,60COg,5.27 y,166344200.0,1.1530231281548704,1332.492,99.9826,"['10.07 d', '10.07 d', '10.07 d', '10.07 d', '10.07 d', '10.07 d', '10.07 d', '10.07 d']"
80,A0_Ni10,62CUg,9.67 min,580.38,51.96641406292019,1172.97,0.342,"['-', '-', '-', '-', '-', '-', '-', '-']"
133,A0_Ni10,60COm1,10.47 min,628.02,8.876804762699596,58.603,2.0601,"['-', '-', '-', '-', '-', '-', '-', '-']"
369,A0_Ni10,60COm,10.47 min,628.02,9.2744694024312,58.603,2.0601,"['-', '-', '-', '-', '-', '-', '-', '-']"
260,A0_Ni10,60CUg,23.70 min,1422.0,31946.814508956435,1332.5,88.0,"['-', '-', '-', '-', '-', '-', '-', '-']"
65,A0_Ni10,51MNg,46.20 min,2772.0,35.80517013154472,749.07,0.265,"['-', '-', '-', '-', '-', '-', '-', '-']"
311,A0_Ni10,61COg,1.65 h,5940.0,2620.669888671283,67.412,84.7,"['-', '-', '-', '-', '-', '-', '-', '-']"
336,A0_Ni10,61CUg,3.33 h,11998.8,188599.82489936263,282.956,12.2,"['-', '-', '-', '-', '-', '-', '-', '-']"
169,A0_Ni10,58COm1,9.10 h,32760.0,10838.172266713756,24.889,0.0397,"['-', '-', '-', '-', '-', '-', '-', '-']"
379,A0_Ni10,58COm,9.10 h,32760.0,373.9042112684811,24.889,0.0397,"['-', '-', '-', '-', '-', '-', '-', '-']"
244,A0_Ni10,64CUg,12.70 h,45723.6,3240.2720926399957,1345.77,0.475,"['-', '-', '-', '-', '-', '-', '-', '-']"
217,A0_Ni10,55COg,17.53 h,63108.0,21425.626776049765,931.1,75.0,"['6.94 min', '8.13 min', '9.52 min', '11.16 min', '13.08 min', '15.34 min', '17.98 min', '21.08 min']"
10,A0_Ni10,57NIg,1.48 d,128160.0,482572.3109180564,1377.63,81.7,"['6.46 s', '6.98 s', '7.55 s', '8.16 s', '8.82 s', '9.53 s', '10.31 s', '11.14 s']"
40,A0_Ni10,56NIg,6.08 d,524880.0,56.2089378615427,158.38,98.8,"['6.38 h', '6.50 h', '6.63 h', '6.76 h', '6.89 h', '7.03 h', '7.16 h', '7.30 h']"
152,A0_Ni10,58COg,70.86 d,6122304.0,107.51807621874929,810.7593,99.45,"['2.65 h', '2.65 h', '2.66 h', '2.66 h', '2.67 h', '2.67 h', '2.68 h', '2.68 h']"
295,A0_Ni10,56COg,77.23 d,6672931.0,583.5647328813335,846.77,99.9399,"['29.10 min', '29.14 min', '29.18 min', '29.23 min', '29.27 min', '29.32 min', '29.36 min', '29.40 min']"
182,A0_Ni10,57COg,271.74 d,23478340.0,5919.668437332838,122.06065,85.6,"['3.31 min', '3.31 min', '3.31 min', '3.31 min', '3.31 min', '3.31 min', '3.31 min', '3.32 min']"
85,A0_Ni11,62CUg,9.67 min,580.38,69.90029066212813,1172.97,0.342,"['-', '-', '-', '-', '-', '-', '-', '-']"
137,A0_Ni11,60COm1,10.47 min,628.02,4.80968733425615,58.603,2.0601,"['-', '-', '-', '-', '-', '-', '-', '-']"
373,A0_Ni11,60COm,10.47 min,628.02,2.699123448769384,58.603,2.0601,"['-', '-', '-', '-', '-', '-', '-', '-']"
265,A0_Ni11,60CUg,23.70 min,1422.0,55970.96129049954,1332.5,88.0,"['-', '-', '-', '-', '-', '-', '-', '-']"
314,A0_Ni11,61COg,1.65 h,5940.0,2154.3778249074426,67.412,84.7,"['-', '-', '-', '-', '-', '-', '-', '-']"
341,A0_Ni11,61CUg,3.33 h,11998.8,226888.46925134576,282.956,12.2,"['-', '-', '-', '-', '-', '-', '-', '-']"
170,A0_Ni11,58COm1,9.10 h,32760.0,3819.2589749597505,24.889,0.0397,"['-', '-', '-', '-', '-', '-', '-', '-']"
380,A0_Ni11,58COm,9.10 h,32760.0,904.8399540611016,24.889,0.0397,"['-', '-', '-', '-', '-', '-', '-', '-']"
245,A0_Ni11,64CUg,12.70 h,45723.6,4331.805326637416,1345.77,0.475,"['-', '-', '-', '-', '-', '-', '-', '-']"
222,A0_Ni11,55COg,17.53 h,63108.0,73889.40114057137,931.1,75.0,"['2.01 min', '2.35 min', '2.76 min', '3.23 min', '3.78 min', '4.43 min', '5.19 min', '6.08 min']"
15,A0_Ni11,57NIg,1.48 d,128160.0,364788.949566328,1377.63,81.7,"['8.54 s', '9.24 s', '9.98 s', '10.79 s', '11.67 s', '12.61 s', '13.63 s', '14.74 s']"
45,A0_Ni11,56NIg,6.08 d,524880.0,12.294466468259738,158.38,98.8,"['1.29 d', '1.31 d', '1.34 d', '1.37 d', '1.40 d', '1.43 d', '1.46 d', '1.49 d']"
155,A0_Ni11,58COg,70.86 d,6122304.0,45.673955627765054,810.7593,99.45,"['6.24 h', '6.25 h', '6.26 h', '6.27 h', '6.29 h', '6.30 h', '6.31 h', '6.32 h']"
300,A0_Ni11,56COg,77.23 d,6672931.0,69.35971079217235,846.77,99.9399,"['4.08 h', '4.09 h', '4.10 h', '4.10 h', '4.11 h', '4.11 h', '4.12 h', '4.13 h']"
187,A0_Ni11,57COg,271.74 d,23478340.0,5804.207350485056,122.06065,85.6,"['3.37 min', '3.37 min', '3.37 min', '3.38 min', '3.38 min', '3.38 min', '3.38 min', '3.38 min']"
90,A0_Ni12,62CUg,9.67 min,580.38,299.78431746927566,1172.97,0.342,"['-', '-', '-', '-', '-', '-', '-', '-']"
270,A0_Ni12,60CUg,23.70 min,1422.0,221959.91597476104,1332.5,88.0,"['-', '-', '-', '-', '-', '-', '-', '-']"
317,A0_Ni12,61COg,1.65 h,5940.0,2632.925423895114,67.412,84.7,"['-', '-', '-', '-', '-', '-', '-', '-']"
346,A0_Ni12,61CUg,3.33 h,11998.8,81711.87819746631,282.956,12.2,"['-', '-', '-', '-', '-', '-', '-', '-']"
171,A0_Ni12,58COm1,9.10 h,32760.0,34.03179493126848,24.889,0.0397,"['-', '-', '-', '-', '-', '-', '-', '-']"
381,A0_Ni12,58COm,9.10 h,32760.0,2367.140789474323,24.889,0.0397,"['-', '-', '-', '-', '-', '-', '-', '-']"
246,A0_Ni12,64CUg,12.70 h,45723.6,10639.053263153308,1345.77,0.475,"['-', '-', '-', '-', '-', '-', '-', '-']"
227,A0_Ni12,55COg,17.53 h,63108.0,135532.3257658484,931.1,75.0,"['1.09 min', '1.28 min', '1.50 min', '1.76 min', '2.06 min', '2.41 min', '2.83 min', '3.31 min']"
20,A0_Ni12,57NIg,1.48 d,128160.0,49076.103551032866,1377.63,81.7,"['1.06 min', '1.14 min', '1.24 min', '1.34 min', '1.45 min', '1.56 min', '1.69 min', '1.83 min']"
158,A0_Ni12,58COg,70.86 d,6122304.0,30.759276984298825,810.7593,99.45,"['9.28 h', '9.29 h', '9.31 h', '9.32 h', '9.34 h', '9.35 h', '9.37 h', '9.38 h']"
192,A0_Ni12,57COg,271.74 d,23478340.0,2686.4648287006767,122.06065,85.6,"['7.28 min', '7.29 min', '7.29 min', '7.29 min', '7.30 min', '7.30 min', '7.30 min', '7.31 min']"
95,A0_Ni13,62CUg,9.67 min,580.38,606.5113155279399,1172.97,0.342,"['-', '-', '-', '-', '-', '-', '-', '-']"
275,A0_Ni13,60CUg,23.70 min,1422.0,335981.6415140894,1332.5,88.0,"['-', '-', '-', '-', '-', '-', '-', '-']"
320,A0_Ni13,61COg,1.65 h,5940.0,1547.7253142794484,67.412,84.7,"['-', '-', '-', '-', '-', '-', '-', '-']"
351,A0_Ni13,61CUg,3.33 h,11998.8,59835.26599369614,282.956,12.2,"['-', '-', '-', '-', '-', '-', '-', '-']"
382,A0_Ni13,58COm,9.10 h,32760.0,2179.9290541626347,24.889,0.0397,"['-', '-', '-', '-', '-', '-', '-', '-']"
247,A0_Ni13,64CUg,12.70 h,45723.6,36138.148143721475,1345.77,0.475,"['-', '-', '-', '-', '-', '-', '-', '-']"
232,A0_Ni13,55COg,17.53 h,63108.0,54095.456315634125,931.1,75.0,"['2.74 min', '3.21 min', '3.77 min', '4.41 min', '5.17 min', '6.06 min', '7.10 min', '8.32 min']"
25,A0_Ni13,57NIg,1.48 d,128160.0,249.54206590492905,1377.63,81.7,"['3.59 h', '3.89 h', '4.22 h', '4.58 h', '4.97 h', '5.39 h', '5.86 h', '6.36 h']"
161,A0_Ni13,58COg,70.86 d,6122304.0,33.42159438549153,810.7593,99.45,"['8.54 h', '8.55 h', '8.57 h', '8.58 h', '8.59 h', '8.61 h', '8.62 h', '8.64 h']"
197,A0_Ni13,57COg,271.74 d,23478340.0,211.86029437000943,122.06065,85.6,"['1.54 h', '1.54 h', '1.54 h', '1.54 h', '1.54 h', '1.54 h', '1.54 h', '1.54 h']"
100,A0_Ni14,62CUg,9.67 min,580.38,417.06080159449766,1172.97,0.342,"['-', '-', '-', '-', '-', '-', '-', '-']"
280,A0_Ni14,60CUg,23.70 min,1422.0,81293.77402254491,1332.5,88.0,"['-', '-', '-', '-', '-', '-', '-', '-']"
323,A0_Ni14,61COg,1.65 h,5940.0,237.32040913451743,67.412,84.7,"['-', '-', '-', '-', '-', '-', '-', '-']"
356,A0_Ni14,61CUg,3.33 h,11998.8,67174.88724426937,282.956,12.2,"['-', '-', '-', '-', '-', '-', '-', '-']"
383,A0_Ni14,58COm,9.10 h,32760.0,398.59619889660985,24.889,0.0397,"['-', '-', '-', '-', '-', '-', '-', '-']"
248,A0_Ni14,64CUg,12.70 h,45723.6,34970.9242354974,1345.77,0.475,"['-', '-', '-', '-', '-', '-', '-', '-']"
237,A0_Ni14,55COg,17.53 h,63108.0,3568.289244058019,931.1,75.0,"['42.13 min', '49.47 min', '58.11 min', '1.14 h', '1.34 h', '1.58 h', '1.86 h', '2.19 h']"
164,A0_Ni14,58COg,70.86 d,6122304.0,6.325913007523881,810.7593,99.45,"['1.89 d', '1.90 d', '1.90 d', '1.90 d', '1.91 d', '1.91 d', '1.91 d', '1.92 d']"
202,A0_Ni14,57COg,271.74 d,23478340.0,18.66950608809988,122.06065,85.6,"['17.49 h', '17.49 h', '17.50 h', '17.51 h', '17.52 h', '17.52 h', '17.53 h', '17.54 h']"
454,A0_Sn08,112INg,14.97 min,898.2,54.03832298786637,617.517,1.0,"['-', '-', '-', '-', '-', '-', '-', '-']"
391,A0_Sn08,116SBg,15.80 min,948.0,18256.689163698444,1293.558,85.0,"['-', '-', '-', '-', '-', '-', '-', '-']"
903,A0_Sn08,120SBg,15.89 min,953.4,3953.8859165268186,1171.7,100.0,"['-', '-', '-', '-', '-', '-', '-', '-']"
938,A0_Sn08,119INm,18.00 min,1080.0,10.116906853940252,311.39,1.7,"['-', '-', '-', '-', '-', '-', '-', '-']"
474,A0_Sn08,112INm,20.56 min,1233.6,998.3997643768004,156.61,13.33,"['-', '-', '-', '-', '-', '-', '-', '-']"
733,A0_Sn08,113SNm,21.40 min,1284.0,1649.3606027596963,77.0,0.501,"['-', '-', '-', '-', '-', '-', '-', '-']"
616,A0_Sn08,115SBg,32.10 min,1926.0,156941.34333063866,497.31,97.9,"['-', '-', '-', '-', '-', '-', '-', '-']"
881,A0_Sn08,107INg,32.40 min,1944.0,81.76002625558695,204.95,47.2,"['-', '-', '-', '-', '-', '-', '-', '-']"
820,A0_Sn08,111SNg,35.30 min,2118.0,10755.970082148708,1152.98,2.7,"['-', '-', '-', '-', '-', '-', '-', '-']"
683,A0_Sn08,108INm,39.60 min,2376.0,429.93827636309055,632.9,76.4,"['-', '-', '-', '-', '-', '-', '-', '-']"
1018,A0_Sn08,123SNm,40.06 min,2403.6,4331.867334121214,160.32,85.7,"['-', '-', '-', '-', '-', '-', '-', '-']"
850,A0_Sn08,117INg,43.20 min,2592.0,2737.390814133722,552.9,100.0,"['-', '-', '-', '-', '-', '-', '-', '-']"
509,A0_Sn08,111CDm,48.54 min,2912.4,3.320180193533517,245.395,94.0,"['-', '-', '-', '-', '-', '-', '-', '-']"
479,A0_Sn08,116INm,54.29 min,3257.4,7763.65020630608,1293.56,84.8,"['-', '-', '-', '-', '-', '-', '-', '-']"
658,A0_Sn08,108INg,58.00 min,3480.0,935.0790475225276,875.4,100.0,"['-', '-', '-', '-', '-', '-', '-', '-']"
774,A0_Sn08,110INm,1.15 h,4146.0,630.6364894151894,657.75,97.74,"['-', '-', '-', '-', '-', '-', '-', '-']"
874,A0_Sn08,113INm,1.66 h,5968.56,1310.1567211359695,391.698,64.94,"['-', '-', '-', '-', '-', '-', '-', '-']"
868,A0_Sn08,117INm,1.94 h,6972.0,734.4779026407597,315.302,19.1,"['-', '-', '-', '-', '-', '-', '-', '-']"
546,A0_Sn08,117SBg,2.80 h,10080.0,544310.127073538,158.562,85.9,"['-', '-', '-', '-', '-', '-', '-', '-']"
511,A0_Sn08,109INg,4.17 h,15001.2,248.2752362703378,203.3,74.2,"['-', '-', '-', '-', '-', '-', '-', '-']"
651,A0_Sn08,115INm,4.49 h,16149.6,1218.0906222509236,336.241,45.9,"['-', '-', '-', '-', '-', '-', '-', '-']"
754,A0_Sn08,110INg,4.90 h,17640.0,441.9541509853731,657.75,98.0,"['-', '-', '-', '-', '-', '-', '-', '-']"
581,A0_Sn08,118SBm,5.00 h,18000.0,253001.2542031711,1229.65,100.0,"['54.40 min', '1.66 h', '3.20 h', '7.05 h', '-', '-', '-', '-']"
444,A0_Sn08,107CDg,6.50 h,23400.0,49.23397463927765,93.124,4.7,"['-', '-', '-', '-', '-', '-', '-', '-']"
384,A0_Sn08,119SBg,1.59 d,137484.0,33999.446427562354,23.87,16.5,"['7.11 min', '7.64 min', '8.22 min', '8.84 min', '9.51 min', '10.22 min', '10.99 min', '11.82 min']"
963,A0_Sn08,122SBg,2.72 d,235336.3,6468.1723367610475,564.24,70.67,"['6.07 min', '6.33 min', '6.61 min', '6.89 min', '7.19 min', '7.50 min', '7.83 min', '8.17 min']"
426,A0_Sn08,111INg,2.80 d,242326.1,321.99602651945395,245.35,94.1,"['1.51 h', '1.58 h', '1.65 h', '1.72 h', '1.79 h', '1.86 h', '1.94 h', '2.03 h']"
799,A0_Sn08,117SNm,13.60 d,1175040.0,2505.530094293013,158.56,86.4,"['8.53 min', '8.60 min', '8.67 min', '8.75 min', '8.82 min', '8.90 min', '8.97 min', '9.05 min']"
739,A0_Sn08,114INm,49.51 d,4277664.0,44.96093787854374,190.27,15.56,"['1.72 d', '1.73 d', '1.73 d', '1.73 d', '1.74 d', '1.74 d', '1.75 d', '1.75 d']"
1048,A0_Sn08,124SBg,60.20 d,5201280.0,9.101540714291682,602.726,97.8,"['1.34 d', '1.34 d', '1.35 d', '1.35 d', '1.35 d', '1.35 d', '1.36 d', '1.36 d']"
708,A0_Sn08,113SNg,115.09 d,9943776.0,2.274059222405073,391.698,64.97,"['8.12 d', '8.13 d', '8.14 d', '8.15 d', '8.16 d', '8.17 d', '8.17 d', '8.18 d']"
998,A0_Sn08,123SNg,129.20 d,11162880.0,49.30384652551862,1088.64,0.6,"['44.45 d', '44.49 d', '44.54 d', '44.58 d', '44.63 d', '44.67 d', '44.72 d', '44.77 d']"
891,A0_Sn08,119SNm,293.00 d,25315200.0,122.84155764292215,23.875,16.5,"['13.78 h', '13.78 h', '13.79 h', '13.80 h', '13.80 h', '13.81 h', '13.81 h', '13.82 h']"
459,A0_Sn09,112INg,14.97 min,898.2,51.64566357173279,617.517,1.0,"['-', '-', '-', '-', '-', '-', '-', '-']"
396,A0_Sn09,116SBg,15.80 min,948.0,15621.488412821574,1293.558,85.0,"['-', '-', '-', '-', '-', '-', '-', '-']"
908,A0_Sn09,120SBg,15.89 min,953.4,4999.405374880994,1171.7,100.0,"['-', '-', '-', '-', '-', '-', '-', '-']"
943,A0_Sn09,119INm,18.00 min,1080.0,6.516227172470596,311.39,1.7,"['-', '-', '-', '-', '-', '-', '-', '-']"
475,A0_Sn09,112INm,20.56 min,1233.6,807.2253256262297,156.61,13.33,"['-', '-', '-', '-', '-', '-', '-', '-']"
734,A0_Sn09,113SNm,21.40 min,1284.0,1551.8896464128816,77.0,0.501,"['-', '-', '-', '-', '-', '-', '-', '-']"
621,A0_Sn09,115SBg,32.10 min,1926.0,205569.7901061003,497.31,97.9,"['-', '-', '-', '-', '-', '-', '-', '-']"
886,A0_Sn09,107INg,32.40 min,1944.0,15.267419160106137,204.95,47.2,"['-', '-', '-', '-', '-', '-', '-', '-']"
825,A0_Sn09,111SNg,35.30 min,2118.0,13292.40882164246,1152.98,2.7,"['-', '-', '-', '-', '-', '-', '-', '-']"
688,A0_Sn09,108INm,39.60 min,2376.0,441.22721462927075,632.9,76.4,"['-', '-', '-', '-', '-', '-', '-', '-']"
1023,A0_Sn09,123SNm,40.06 min,2403.6,3792.495172642355,160.32,85.7,"['-', '-', '-', '-', '-', '-', '-', '-']"
853,A0_Sn09,117INg,43.20 min,2592.0,2981.729954771119,552.9,100.0,"['-', '-', '-', '-', '-', '-', '-', '-']"
484,A0_Sn09,116INm,54.29 min,3257.4,6447.145069044865,1293.56,84.8,"['-', '-', '-', '-', '-', '-', '-', '-']"
663,A0_Sn09,108INg,58.00 min,3480.0,797.8679252071963,875.4,100.0,"['-', '-', '-', '-', '-', '-', '-', '-']"
779,A0_Sn09,110INm,1.15 h,4146.0,459.6752232158933,657.75,97.74,"['-', '-', '-', '-', '-', '-', '-', '-']"
875,A0_Sn09,113INm,1.66 h,5968.56,1034.5026766546523,391.698,64.94,"['-', '-', '-', '-', '-', '-', '-', '-']"
869,A0_Sn09,117INm,1.94 h,6972.0,773.278803828586,315.302,19.1,"['-', '-', '-', '-', '-', '-', '-', '-']"
551,A0_Sn09,117SBg,2.80 h,10080.0,725978.9499511219,158.562,85.9,"['-', '-', '-', '-', '-', '-', '-', '-']"
516,A0_Sn09,109INg,4.17 h,15001.2,181.86405781713535,203.3,74.2,"['-', '-', '-', '-', '-', '-', '-', '-']"
652,A0_Sn09,115INm,4.49 h,16149.6,986.1121332095574,336.241,45.9,"['-', '-', '-', '-', '-', '-', '-', '-']"
759,A0_Sn09,110INg,4.90 h,17640.0,234.46245457446443,657.75,98.0,"['-', '-', '-', '-', '-', '-', '-', '-']"
586,A0_Sn09,118SBm,5.00 h,18000.0,201327.1635997811,1229.65,100.0,"['1.16 h', '2.16 h', '4.31 h', '11.04 h', '-', '-', '-', '-']"
449,A0_Sn09,107CDg,6.50 h,23400.0,6.20314591826336,93.124,4.7,"['-', '-', '-', '-', '-', '-', '-', '-']"
385,A0_Sn09,119SBg,1.59 d,137484.0,51560.619743612624,23.87,16.5,"['4.69 min', '5.04 min', '5.42 min', '5.83 min', '6.27 min', '6.74 min', '7.25 min', '7.79 min']"
968,A0_Sn09,122SBg,2.72 d,235336.3,10858.644886512358,564.24,70.67,"['3.61 min', '3.77 min', '3.93 min', '4.10 min', '4.28 min', '4.47 min', '4.66 min', '4.86 min']"
429,A0_Sn09,111INg,2.80 d,242326.1,130.54966872227783,245.35,94.1,"['3.78 h', '3.94 h', '4.11 h', '4.29 h', '4.47 h', '4.66 h', '4.87 h', '5.08 h']"
802,A0_Sn09,117SNm,13.60 d,1175040.0,1908.201064961747,158.56,86.4,"['11.20 min', '11.29 min', '11.39 min', '11.49 min', '11.58 min', '11.68 min', '11.78 min', '11.88 min']"
742,A0_Sn09,114INm,49.51 d,4277664.0,37.01620497115643,190.27,15.56,"['2.10 d', '2.10 d', '2.11 d', '2.11 d', '2.12 d', '2.12 d', '2.13 d', '2.13 d']"
1053,A0_Sn09,124SBg,60.20 d,5201280.0,10.294498727126204,602.726,97.8,"['1.18 d', '1.19 d', '1.19 d', '1.19 d', '1.19 d', '1.20 d', '1.20 d', '1.20 d']"
713,A0_Sn09,113SNg,115.09 d,9943776.0,2.4505131703253156,391.698,64.97,"['7.53 d', '7.53 d', '7.54 d', '7.55 d', '7.56 d', '7.56 d', '7.57 d', '7.58 d']"
1003,A0_Sn09,123SNg,129.20 d,11162880.0,40.65032051293272,1088.64,0.6,"['55.45 d', '55.51 d', '55.57 d', '55.63 d', '55.69 d', '55.74 d', '55.80 d', '55.86 d']"
893,A0_Sn09,119SNm,293.00 d,25315200.0,100.58735852532337,23.875,16.5,"['16.83 h', '16.84 h', '16.84 h', '16.85 h', '16.86 h', '16.86 h', '16.87 h', '16.88 h']"
464,A0_Sn10,112INg,14.97 min,898.2,35.36472684914224,617.517,1.0,"['-', '-', '-', '-', '-', '-', '-', '-']"
401,A0_Sn10,116SBg,15.80 min,948.0,8895.05068759507,1293.558,85.0,"['-', '-', '-', '-', '-', '-', '-', '-']"
913,A0_Sn10,120SBg,15.89 min,953.4,4402.864447116998,1171.7,100.0,"['-', '-', '-', '-', '-', '-', '-', '-']"
948,A0_Sn10,119INm,18.00 min,1080.0,10.808499517215422,311.39,1.7,"['-', '-', '-', '-', '-', '-', '-', '-']"
476,A0_Sn10,112INm,20.56 min,1233.6,460.4201334364983,156.61,13.33,"['-', '-', '-', '-', '-', '-', '-', '-']"
735,A0_Sn10,113SNm,21.40 min,1284.0,1181.2823131929742,77.0,0.501,"['-', '-', '-', '-', '-', '-', '-', '-']"
626,A0_Sn10,115SBg,32.10 min,1926.0,220514.59591697325,497.31,97.9,"['-', '-', '-', '-', '-', '-', '-', '-']"
830,A0_Sn10,111SNg,35.30 min,2118.0,13714.50381418425,1152.98,2.7,"['-', '-', '-', '-', '-', '-', '-', '-']"
693,A0_Sn10,108INm,39.60 min,2376.0,305.4590839844472,632.9,76.4,"['-', '-', '-', '-', '-', '-', '-', '-']"
1028,A0_Sn10,123SNm,40.06 min,2403.6,2813.0049543718715,160.32,85.7,"['-', '-', '-', '-', '-', '-', '-', '-']"
856,A0_Sn10,117INg,43.20 min,2592.0,5187.585348732782,552.9,100.0,"['-', '-', '-', '-', '-', '-', '-', '-']"
489,A0_Sn10,116INm,54.29 min,3257.4,4322.438085723225,1293.56,84.8,"['-', '-', '-', '-', '-', '-', '-', '-']"
668,A0_Sn10,108INg,58.00 min,3480.0,488.1530098196302,875.4,100.0,"['-', '-', '-', '-', '-', '-', '-', '-']"
784,A0_Sn10,110INm,1.15 h,4146.0,292.34141923061594,657.75,97.74,"['-', '-', '-', '-', '-', '-', '-', '-']"
876,A0_Sn10,113INm,1.66 h,5968.56,1263.6180918090831,391.698,64.94,"['-', '-', '-', '-', '-', '-', '-', '-']"
870,A0_Sn10,117INm,1.94 h,6972.0,1438.83200867401,315.302,19.1,"['-', '-', '-', '-', '-', '-', '-', '-']"
556,A0_Sn10,117SBg,2.80 h,10080.0,1039472.9169476788,158.562,85.9,"['-', '-', '-', '-', '-', '-', '-', '-']"
521,A0_Sn10,109INg,4.17 h,15001.2,323.41356023077674,203.3,74.2,"['-', '-', '-', '-', '-', '-', '-', '-']"
653,A0_Sn10,115INm,4.49 h,16149.6,1259.2293324403126,336.241,45.9,"['-', '-', '-', '-', '-', '-', '-', '-']"
764,A0_Sn10,110INg,4.90 h,17640.0,117.42107605851912,657.75,98.0,"['-', '-', '-', '-', '-', '-', '-', '-']"
591,A0_Sn10,118SBm,5.00 h,18000.0,110816.41376657136,1229.65,100.0,"['2.27 h', '4.57 h', '12.27 h', '-', '-', '-', '-', '-']"
386,A0_Sn10,119SBg,1.59 d,137484.0,119580.14827133968,23.87,16.5,"['2.02 min', '2.17 min', '2.33 min', '2.51 min', '2.70 min', '2.90 min', '3.12 min', '3.36 min']"
973,A0_Sn10,122SBg,2.72 d,235336.3,11744.573182391923,564.24,70.67,"['3.34 min', '3.49 min', '3.64 min', '3.80 min', '3.96 min', '4.13 min', '4.31 min', '4.50 min']"
432,A0_Sn10,111INg,2.80 d,242326.1,60.61421983012293,245.35,94.1,"['8.33 h', '8.70 h', '9.08 h', '9.48 h', '9.90 h', '10.34 h', '10.80 h', '11.28 h']"
805,A0_Sn10,117SNm,13.60 d,1175040.0,1190.0248718152009,158.56,86.4,"['17.96 min', '18.11 min', '18.26 min', '18.42 min', '18.58 min', '18.73 min', '18.89 min', '19.06 min']"
745,A0_Sn10,114INm,49.51 d,4277664.0,27.31443399300415,190.27,15.56,"['2.86 d', '2.86 d', '2.87 d', '2.88 d', '2.88 d', '2.89 d', '2.90 d', '2.90 d']"
1058,A0_Sn10,124SBg,60.20 d,5201280.0,11.638860099273025,602.726,97.8,"['1.05 d', '1.05 d', '1.05 d', '1.05 d', '1.05 d', '1.06 d', '1.06 d', '1.06 d']"
718,A0_Sn10,113SNg,115.09 d,9943776.0,2.447646032667409,391.698,64.97,"['7.53 d', '7.54 d', '7.55 d', '7.56 d', '7.57 d', '7.57 d', '7.58 d', '7.59 d']"
1008,A0_Sn10,123SNg,129.20 d,11162880.0,26.227161869968135,1088.64,0.6,"['94.86 d', '94.97 d', '95.08 d', '95.19 d', '95.30 d', '95.41 d', '95.52 d', '95.64 d']"
895,A0_Sn10,119SNm,293.00 d,25315200.0,66.66423811280367,23.875,16.5,"['1.06 d', '1.06 d', '1.06 d', '1.06 d', '1.06 d', '1.06 d', '1.06 d', '1.06 d']"
469,A0_Sn11,112INg,14.97 min,898.2,10.866208509774394,617.517,1.0,"['-', '-', '-', '-', '-', '-', '-', '-']"
406,A0_Sn11,116SBg,15.80 min,948.0,11213.26252479824,1293.558,85.0,"['-', '-', '-', '-', '-', '-', '-', '-']"
918,A0_Sn11,120SBg,15.89 min,953.4,2247.4966193773025,1171.7,100.0,"['-', '-', '-', '-', '-', '-', '-', '-']"
953,A0_Sn11,119INm,18.00 min,1080.0,12.808144157225966,311.39,1.7,"['-', '-', '-', '-', '-', '-', '-', '-']"
477,A0_Sn11,112INm,20.56 min,1233.6,107.1278624576961,156.61,13.33,"['-', '-', '-', '-', '-', '-', '-', '-']"
736,A0_Sn11,113SNm,21.40 min,1284.0,1039.413100352537,77.0,0.501,"['-', '-', '-', '-', '-', '-', '-', '-']"
631,A0_Sn11,115SBg,32.10 min,1926.0,235784.97260962435,497.31,97.9,"['-', '-', '-', '-', '-', '-', '-', '-']"
835,A0_Sn11,111SNg,35.30 min,2118.0,15488.411339570526,1152.98,2.7,"['-', '-', '-', '-', '-', '-', '-', '-']"
698,A0_Sn11,108INm,39.60 min,2376.0,72.02723723910886,632.9,76.4,"['-', '-', '-', '-', '-', '-', '-', '-']"
1033,A0_Sn11,123SNm,40.06 min,2403.6,1559.3112095155063,160.32,85.7,"['-', '-', '-', '-', '-', '-', '-', '-']"
859,A0_Sn11,117INg,43.20 min,2592.0,5184.819695746511,552.9,100.0,"['-', '-', '-', '-', '-', '-', '-', '-']"
494,A0_Sn11,116INm,54.29 min,3257.4,1805.762468709807,1293.56,84.8,"['-', '-', '-', '-', '-', '-', '-', '-']"
673,A0_Sn11,108INg,58.00 min,3480.0,123.3024564645772,875.4,100.0,"['-', '-', '-', '-', '-', '-', '-', '-']"
789,A0_Sn11,110INm,1.15 h,4146.0,73.03487112776952,657.75,97.74,"['-', '-', '-', '-', '-', '-', '-', '-']"
877,A0_Sn11,113INm,1.66 h,5968.56,1180.9725191776618,391.698,64.94,"['-', '-', '-', '-', '-', '-', '-', '-']"
871,A0_Sn11,117INm,1.94 h,6972.0,1666.42671979805,315.302,19.1,"['-', '-', '-', '-', '-', '-', '-', '-']"
561,A0_Sn11,117SBg,2.80 h,10080.0,1142365.9250438618,158.562,85.9,"['-', '-', '-', '-', '-', '-', '-', '-']"
526,A0_Sn11,109INg,4.17 h,15001.2,556.3544553889905,203.3,74.2,"['-', '-', '-', '-', '-', '-', '-', '-']"
654,A0_Sn11,115INm,4.49 h,16149.6,1180.5720804329571,336.241,45.9,"['-', '-', '-', '-', '-', '-', '-', '-']"
769,A0_Sn11,110INg,4.90 h,17640.0,25.39736404885815,657.75,98.0,"['-', '-', '-', '-', '-', '-', '-', '-']"
596,A0_Sn11,118SBm,5.00 h,18000.0,65413.9903534508,1229.65,100.0,"['4.40 h', '11.45 h', '-', '-', '-', '-', '-', '-']"
387,A0_Sn11,119SBg,1.59 d,137484.0,208867.99329423855,23.87,16.5,"['1.16 min', '1.24 min', '1.34 min', '1.44 min', '1.55 min', '1.66 min', '1.79 min', '1.92 min']"
978,A0_Sn11,122SBg,2.72 d,235336.3,5918.071513450511,564.24,70.67,"['6.63 min', '6.92 min', '7.22 min', '7.53 min', '7.86 min', '8.20 min', '8.56 min', '8.93 min']"
435,A0_Sn11,111INg,2.80 d,242326.1,38.77391052591347,245.35,94.1,"['13.36 h', '13.96 h', '14.60 h', '15.26 h', '15.96 h', '16.69 h', '17.46 h', '18.27 h']"
808,A0_Sn11,117SNm,13.60 d,1175040.0,629.873496295034,158.56,86.4,"['33.93 min', '34.22 min', '34.51 min', '34.81 min', '35.11 min', '35.41 min', '35.71 min', '36.01 min']"
748,A0_Sn11,114INm,49.51 d,4277664.0,15.41916627946334,190.27,15.56,"['5.14 d', '5.15 d', '5.17 d', '5.18 d', '5.19 d', '5.20 d', '5.22 d', '5.23 d']"
1063,A0_Sn11,124SBg,60.20 d,5201280.0,16.045154734807298,602.726,97.8,"['18.19 h', '18.23 h', '18.26 h', '18.30 h', '18.33 h', '18.37 h', '18.40 h', '18.44 h']"
723,A0_Sn11,113SNg,115.09 d,9943776.0,2.9751325241962125,391.698,64.97,"['6.17 d', '6.18 d', '6.19 d', '6.19 d', '6.20 d', '6.21 d', '6.21 d', '6.22 d']"
1013,A0_Sn11,123SNg,129.20 d,11162880.0,11.364854616270682,1088.64,0.6,"['1.29 y', '1.30 y', '1.30 y', '1.31 y', '1.31 y', '1.32 y', '1.32 y', '1.33 y']"
897,A0_Sn11,119SNm,293.00 d,25315200.0,34.56273071795969,23.875,16.5,"['2.04 d', '2.04 d', '2.05 d', '2.05 d', '2.05 d', '2.05 d', '2.05 d', '2.05 d']"
411,A0_Sn12,116SBg,15.80 min,948.0,17904.124552367048,1293.558,85.0,"['-', '-', '-', '-', '-', '-', '-', '-']"
923,A0_Sn12,120SBg,15.89 min,953.4,4773.176931178968,1171.7,100.0,"['-', '-', '-', '-', '-', '-', '-', '-']"
958,A0_Sn12,119INm,18.00 min,1080.0,1.2404439273385708,311.39,1.7,"['-', '-', '-', '-', '-', '-', '-', '-']"
478,A0_Sn12,112INm,20.56 min,1233.6,5.924096579028139,156.61,13.33,"['-', '-', '-', '-', '-', '-', '-', '-']"
737,A0_Sn12,113SNm,21.40 min,1284.0,486.9622845111403,77.0,0.501,"['-', '-', '-', '-', '-', '-', '-', '-']"
636,A0_Sn12,115SBg,32.10 min,1926.0,98098.43150351604,497.31,97.9,"['-', '-', '-', '-', '-', '-', '-', '-']"
840,A0_Sn12,111SNg,35.30 min,2118.0,3756.0417646438095,1152.98,2.7,"['-', '-', '-', '-', '-', '-', '-', '-']"
703,A0_Sn12,108INm,39.60 min,2376.0,1.2615068962698943,632.9,76.4,"['-', '-', '-', '-', '-', '-', '-', '-']"
1038,A0_Sn12,123SNm,40.06 min,2403.6,162.88031813261426,160.32,85.7,"['-', '-', '-', '-', '-', '-', '-', '-']"
862,A0_Sn12,117INg,43.20 min,2592.0,404.5075355883471,552.9,100.0,"['-', '-', '-', '-', '-', '-', '-', '-']"
499,A0_Sn12,116INm,54.29 min,3257.4,205.1284142115297,1293.56,84.8,"['-', '-', '-', '-', '-', '-', '-', '-']"
678,A0_Sn12,108INg,58.00 min,3480.0,2.318706488645989,875.4,100.0,"['-', '-', '-', '-', '-', '-', '-', '-']"
794,A0_Sn12,110INm,1.15 h,4146.0,1.8487384213466975,657.75,97.74,"['-', '-', '-', '-', '-', '-', '-', '-']"
878,A0_Sn12,113INm,1.66 h,5968.56,298.0852633540304,391.698,64.94,"['-', '-', '-', '-', '-', '-', '-', '-']"
872,A0_Sn12,117INm,1.94 h,6972.0,192.65661834439203,315.302,19.1,"['-', '-', '-', '-', '-', '-', '-', '-']"
566,A0_Sn12,117SBg,2.80 h,10080.0,877515.3785638056,158.562,85.9,"['-', '-', '-', '-', '-', '-', '-', '-']"
531,A0_Sn12,109INg,4.17 h,15001.2,313.43316614406433,203.3,74.2,"['-', '-', '-', '-', '-', '-', '-', '-']"
655,A0_Sn12,115INm,4.49 h,16149.6,171.6869893243968,336.241,45.9,"['-', '-', '-', '-', '-', '-', '-', '-']"
601,A0_Sn12,118SBm,5.00 h,18000.0,46391.28530591737,1229.65,100.0,"['7.45 h', '-', '-', '-', '-', '-', '-', '-']"
388,A0_Sn12,119SBg,1.59 d,137484.0,177701.63676000896,23.87,16.5,"['1.36 min', '1.46 min', '1.57 min', '1.69 min', '1.82 min', '1.95 min', '2.10 min', '2.26 min']"
983,A0_Sn12,122SBg,2.72 d,235336.3,801.0263634958707,564.24,70.67,"['49.19 min', '51.33 min', '53.57 min', '55.90 min', '58.33 min', '1.01 h', '1.06 h', '1.10 h']"
438,A0_Sn12,111INg,2.80 d,242326.1,9.642346386567937,245.35,94.1,"['2.94 d', '3.13 d', '3.33 d', '3.56 d', '3.80 d', '4.08 d', '4.39 d', '4.73 d']"
811,A0_Sn12,117SNm,13.60 d,1175040.0,189.65309522513752,158.56,86.4,"['1.88 h', '1.90 h', '1.91 h', '1.93 h', '1.95 h', '1.96 h', '1.98 h', '2.00 h']"
751,A0_Sn12,114INm,49.51 d,4277664.0,1.9438764349856523,190.27,15.56,"['57.18 d', '57.39 d', '57.60 d', '57.80 d', '58.01 d', '58.22 d', '58.43 d', '58.64 d']"
1068,A0_Sn12,124SBg,60.20 d,5201280.0,20.33412298373896,602.726,97.8,"['14.34 h', '14.37 h', '14.40 h', '14.43 h', '14.45 h', '14.48 h', '14.51 h', '14.54 h']"
728,A0_Sn12,113SNg,115.09 d,9943776.0,2.729796935782964,391.698,64.97,"['6.74 d', '6.75 d', '6.75 d', '6.76 d', '6.77 d', '6.77 d', '6.78 d', '6.79 d']"
899,A0_Sn12,119SNm,293.00 d,25315200.0,8.312797130246935,23.875,16.5,"['8.56 d', '8.57 d', '8.57 d', '8.57 d', '8.58 d', '8.58 d', '8.58 d', '8.59 d']"
416,A0_Sn13,116SBg,15.80 min,948.0,12079.20882456765,1293.558,85.0,"['-', '-', '-', '-', '-', '-', '-', '-']"
928,A0_Sn13,120SBg,15.89 min,953.4,19019.144323908025,1171.7,100.0,"['-', '-', '-', '-', '-', '-', '-', '-']"
738,A0_Sn13,113SNm,21.40 min,1284.0,1.5145325601966286,77.0,0.501,"['-', '-', '-', '-', '-', '-', '-', '-']"
641,A0_Sn13,115SBg,32.10 min,1926.0,3250.676743660017,497.31,97.9,"['-', '-', '-', '-', '-', '-', '-', '-']"
845,A0_Sn13,111SNg,35.30 min,2118.0,6.0579836235684,1152.98,2.7,"['-', '-', '-', '-', '-', '-', '-', '-']"
1043,A0_Sn13,123SNm,40.06 min,2403.6,1.8160872097946328,160.32,85.7,"['-', '-', '-', '-', '-', '-', '-', '-']"
865,A0_Sn13,117INg,43.20 min,2592.0,22.25675429129638,552.9,100.0,"['-', '-', '-', '-', '-', '-', '-', '-']"
504,A0_Sn13,116INm,54.29 min,3257.4,22.10943205650187,1293.56,84.8,"['-', '-', '-', '-', '-', '-', '-', '-']"
879,A0_Sn13,113INm,1.66 h,5968.56,76.99823351611037,391.698,64.94,"['-', '-', '-', '-', '-', '-', '-', '-']"
873,A0_Sn13,117INm,1.94 h,6972.0,18.39918580230811,315.302,19.1,"['-', '-', '-', '-', '-', '-', '-', '-']"
571,A0_Sn13,117SBg,2.80 h,10080.0,211480.16108144572,158.562,85.9,"['-', '-', '-', '-', '-', '-', '-', '-']"
536,A0_Sn13,109INg,4.17 h,15001.2,95.01099773808734,203.3,74.2,"['-', '-', '-', '-', '-', '-', '-', '-']"
656,A0_Sn13,115INm,4.49 h,16149.6,26.73126488397415,336.241,45.9,"['-', '-', '-', '-', '-', '-', '-', '-']"
606,A0_Sn13,118SBm,5.00 h,18000.0,13343.012781083306,1229.65,100.0,"['-', '-', '-', '-', '-', '-', '-', '-']"
389,A0_Sn13,119SBg,1.59 d,137484.0,59920.50818985167,23.87,16.5,"['4.03 min', '4.33 min', '4.66 min', '5.01 min', '5.39 min', '5.80 min', '6.23 min', '6.70 min']"
988,A0_Sn13,122SBg,2.72 d,235336.3,2869.379367166893,564.24,70.67,"['13.69 min', '14.28 min', '14.90 min', '15.55 min', '16.22 min', '16.93 min', '17.66 min', '18.43 min']"
441,A0_Sn13,111INg,2.80 d,242326.1,2.128227293783375,245.35,94.1,"['-', '-', '-', '-', '-', '-', '-', '-']"
814,A0_Sn13,117SNm,13.60 d,1175040.0,35.622416901832594,158.56,86.4,"['10.10 h', '10.19 h', '10.28 h', '10.36 h', '10.45 h', '10.54 h', '10.64 h', '10.73 h']"
1073,A0_Sn13,124SBg,60.20 d,5201280.0,48.822914875354016,602.726,97.8,"['5.96 h', '5.97 h', '5.98 h', '6.00 h', '6.01 h', '6.02 h', '6.03 h', '6.04 h']"
901,A0_Sn13,119SNm,293.00 d,25315200.0,1.4860693667753415,23.875,16.5,"['50.30 d', '50.33 d', '50.35 d', '50.37 d', '50.39 d', '50.41 d', '50.43 d', '50.45 d']"
421,A0_Sn14,116SBg,15.80 min,948.0,2660.7684059747226,1293.558,85.0,"['-', '-', '-', '-', '-', '-', '-', '-']"
933,A0_Sn14,120SBg,15.89 min,953.4,7188.112558614173,1171.7,100.0,"['-', '-', '-', '-', '-', '-', '-', '-']"
646,A0_Sn14,115SBg,32.10 min,1926.0,814.5497059812008,497.31,97.9,"['-', '-', '-', '-', '-', '-', '-', '-']"
880,A0_Sn14,113INm,1.66 h,5968.56,6.075582788685195,391.698,64.94,"['-', '-', '-', '-', '-', '-', '-', '-']"
576,A0_Sn14,117SBg,2.80 h,10080.0,45351.17695805176,158.562,85.9,"['-', '-', '-', '-', '-', '-', '-', '-']"
541,A0_Sn14,109INg,4.17 h,15001.2,8.839341617281363,203.3,74.2,"['-', '-', '-', '-', '-', '-', '-', '-']"
657,A0_Sn14,115INm,4.49 h,16149.6,1.6887327761669026,336.241,45.9,"['-', '-', '-', '-', '-', '-', '-', '-']"
611,A0_Sn14,118SBm,5.00 h,18000.0,446.1491685785998,1229.65,100.0,"['-', '-', '-', '-', '-', '-', '-', '-']"
390,A0_Sn14,119SBg,1.59 d,137484.0,6512.853245517466,23.87,16.5,"['37.27 min', '40.10 min', '43.14 min', '46.41 min', '49.93 min', '53.72 min', '57.80 min', '1.04 h']"
993,A0_Sn14,122SBg,2.72 d,235336.3,1985.3902473005087,564.24,70.67,"['19.80 min', '20.65 min', '21.55 min', '22.49 min', '23.46 min', '24.48 min', '25.54 min', '26.65 min']"
817,A0_Sn14,117SNm,13.60 d,1175040.0,1.179093179298471,158.56,86.4,"['20.11 d', '20.41 d', '20.72 d', '21.04 d', '21.36 d', '21.69 d', '22.03 d', '22.38 d']"
1078,A0_Sn14,124SBg,60.20 d,5201280.0,78.66265598289512,602.726,97.8,"['3.70 h', '3.71 h', '3.71 h', '3.72 h', '3.73 h', '3.73 h', '3.74 h', '3.75 h']"
1093,A0_Ta08,179Wm,6.40 min,384.0,2.6539510871342453,221.5,8.8,"['-', '-', '-', '-', '-', '-', '-', '-']"
1113,A0_Ta08,178TAg,9.31 min,558.6,28.275482934583017,93.13,6.6,"['-', '-', '-', '-', '-', '-', '-', '-']"
1083,A0_Ta08,179Wg,37.05 min,2223.0,2480248.7054082146,30.7,18.0,"['-', '-', '-', '-', '-', '-', '-', '-']"
1181,A0_Ta08,177Wg,2.20 h,7920.0,5315.200881936561,115.65,47.0,"['-', '-', '-', '-', '-', '-', '-', '-']"
1128,A0_Ta08,180HFm,5.50 h,19800.0,327.0983967521935,332.274,94.0,"['-', '-', '-', '-', '-', '-', '-', '-']"
1169,A0_Ta08,180TAg,8.15 h,29354.4,289331.29028139793,93.324,4.51,"['1.33 h', '1.92 h', '2.79 h', '4.14 h', '6.35 h', '10.38 h', '20.41 h', '-']"
1186,A0_Ta08,177TAg,2.36 d,203616.0,19.823109353872944,112.9,7.2,"['-', '-', '-', '-', '-', '-', '-', '-']"
1143,A0_Ta08,175HFg,70.00 d,6048000.0,2.802506321052303,343.4,84.0,"['5.14 d', '5.15 d', '5.16 d', '5.17 d', '5.18 d', '5.19 d', '5.20 d', '5.21 d']"
1148,A0_Ta08,181Wg,121.20 d,10471680.0,602.6319601230111,6.24,1.03,"['1.90 d', '1.90 d', '1.90 d', '1.90 d', '1.90 d', '1.91 d', '1.91 d', '1.91 d']"
1098,A0_Ta09,179Wm,6.40 min,384.0,6.458380401306318,221.5,8.8,"['-', '-', '-', '-', '-', '-', '-', '-']"
1118,A0_Ta09,178TAg,9.31 min,558.6,9.105522915548953,93.13,6.6,"['-', '-', '-', '-', '-', '-', '-', '-']"
1085,A0_Ta09,179Wg,37.05 min,2223.0,4070505.76451397,30.7,18.0,"['-', '-', '-', '-', '-', '-', '-', '-']"
1133,A0_Ta09,180HFm,5.50 h,19800.0,52.39231577455194,332.274,94.0,"['-', '-', '-', '-', '-', '-', '-', '-']"
1171,A0_Ta09,180TAg,8.15 h,29354.4,224515.82008446267,93.324,4.51,"['1.75 h', '2.53 h', '3.74 h', '5.67 h', '9.07 h', '16.56 h', '-', '-']"
1151,A0_Ta09,181Wg,121.20 d,10471680.0,657.3128231195517,6.24,1.03,"['1.74 d', '1.74 d', '1.74 d', '1.74 d', '1.74 d', '1.75 d', '1.75 d', '1.75 d']"
1103,A0_Ta10,179Wm,6.40 min,384.0,10.466749512210338,221.5,8.8,"['-', '-', '-', '-', '-', '-', '-', '-']"
1123,A0_Ta10,178TAg,9.31 min,558.6,1.0172392581481824,93.13,6.6,"['-', '-', '-', '-', '-', '-', '-', '-']"
1087,A0_Ta10,179Wg,37.05 min,2223.0,4509336.231562976,30.7,18.0,"['-', '-', '-', '-', '-', '-', '-', '-']"
1138,A0_Ta10,180HFm,5.50 h,19800.0,2.314347654840934,332.274,94.0,"['-', '-', '-', '-', '-', '-', '-', '-']"
1173,A0_Ta10,180TAg,8.15 h,29354.4,144147.39795655082,93.324,4.51,"['2.85 h', '4.23 h', '6.49 h', '10.66 h', '21.37 h', '-', '-', '-']"
1154,A0_Ta10,181Wg,121.20 d,10471680.0,747.256012522132,6.24,1.03,"['1.53 d', '1.53 d', '1.53 d', '1.53 d', '1.53 d', '1.54 d', '1.54 d', '1.54 d']"
1108,A0_Ta11,179Wm,6.40 min,384.0,6.744754301668877,221.5,8.8,"['-', '-', '-', '-', '-', '-', '-', '-']"
1089,A0_Ta11,179Wg,37.05 min,2223.0,2247175.428140927,30.7,18.0,"['-', '-', '-', '-', '-', '-', '-', '-']"
1175,A0_Ta11,180TAg,8.15 h,29354.4,46292.00272304576,93.324,4.51,"['13.01 h', '1.38 d', '-', '-', '-', '-', '-', '-']"
1157,A0_Ta11,181Wg,121.20 d,10471680.0,754.7849010779007,6.24,1.03,"['1.51 d', '1.51 d', '1.52 d', '1.52 d', '1.52 d', '1.52 d', '1.52 d', '1.52 d']"
1091,A0_Ta12,179Wg,37.05 min,2223.0,3408.7442061227825,30.7,18.0,"['-', '-', '-', '-', '-', '-', '-', '-']"
1177,A0_Ta12,180TAg,8.15 h,29354.4,2293.982595994084,93.324,4.51,"['-', '-', '-', '-', '-', '-', '-', '-']"
1160,A0_Ta12,181Wg,121.20 d,10471680.0,727.2518976956916,6.24,1.03,"['1.57 d', '1.57 d', '1.57 d', '1.57 d', '1.58 d', '1.58 d', '1.58 d', '1.58 d']"
1179,A0_Ta13,180TAg,8.15 h,29354.4,11.247775949225272,93.324,4.51,"['-', '-', '-', '-', '-', '-', '-', '-']"
1163,A0_Ta13,181Wg,121.20 d,10471680.0,896.0900265520141,6.24,1.03,"['1.27 d', '1.27 d', '1.28 d', '1.28 d', '1.28 d', '1.28 d', '1.28 d', '1.28 d']"
1166,A0_Ta14,181Wg,121.20 d,10471680.0,217.153330931186,6.24,1.03,"['5.31 d', '5.32 d', '5.32 d', '5.33 d', '5.33 d', '5.34 d', '5.35 d', '5.35 d']"
